"","Date","Sample.ID","Chamber.ID","Plate","Treatment","TemperatureCat","Type","Salinity","Run","Volume","Org.Number","Notes","Temperature","Resp.Intercept","R.umol.L.min","NA.","code","R.umol.min","R.Blank.umol.min","R.umol.min.corr","R.umol.org.min","R.nmol.org.min"
"1",20211208,1,"A1",641,"Ambient",26,"Sample",34,"1",8e-05,5,NA,26.4783333333333,281.979840336134,-8.13256022408964,NA,"1 A1",-0.000650604817927171,-0.000122182643745134,-0.000528422174182037,-0.000105684434836407,-0.105684434836407
"2",20211208,7,"B1",641,"High",26,"Sample",34,"1",8e-05,5,NA,26.4783333333333,197.570434782609,-3.05731225296442,NA,"1 B1",-0.000244584980237154,-0.000122182643745134,-0.00012240233649202,-2.44804672984039e-05,-0.0244804672984039
"3",20211208,13,"C1",641,"Ambient",26,"Sample",34,"1",8e-05,5,NA,26.4783333333333,208.966411605938,-6.16067206477733,NA,"1 C1",-0.000492853765182186,-0.000122182643745134,-0.000370671121437052,-7.41342242874105e-05,-0.0741342242874105
"4",20211208,19,"D1",641,"High",26,"Sample",34,"1",8e-05,5,NA,26.4783333333333,226.713302139038,-4.07064171122996,NA,"1 D1",-0.000325651336898397,-0.000122182643745134,-0.000203468693153263,-4.06937386306526e-05,-0.0406937386306526
"5",20211208,8,"B2",641,"High",26,"Sample",34,"1",8e-05,5,NA,26.4783333333333,207.495967741936,-4.37991935483871,NA,"1 B2",-0.000350393548387097,-0.000122182643745134,-0.000228210904641963,-4.56421809283926e-05,-0.0456421809283926
"6",20211208,14,"C2",641,"Ambient",26,"Sample",34,"1",8e-05,5,NA,26.4783333333333,201.729517241379,-3.92455172413792,NA,"1 C2",-0.000313964137931034,-0.000122182643745134,-0.0001917814941859,-3.83562988371799e-05,-0.0383562988371799
"7",20211208,20,"D2",641,"High",26,"Sample",34,"1",8e-05,5,NA,26.4783333333333,253.45513136289,-4.18032840722495,NA,"1 D2",-0.000334426272577996,-0.000122182643745134,-0.000212243628832862,-4.24487257665724e-05,-0.0424487257665724
"8",20211208,3,"A3",641,"Ambient",26,"Sample",34,"1",8e-05,5,NA,26.4783333333333,155.451135084428,-4.33615759849906,NA,"1 A3",-0.000346892607879925,-0.000122182643745134,-0.000224709964134791,-4.49419928269582e-05,-0.0449419928269582
"9",20211208,9,"B3",641,"High",26,"Sample",34,"1",8e-05,5,NA,26.4783333333333,212.742530588908,-5.21986506575186,NA,"1 B3",-0.000417589205260149,-0.000122182643745134,-0.000295406561515015,-5.9081312303003e-05,-0.059081312303003
"10",20211208,15,"C3",641,"Ambient",26,"Sample",34,"1",8e-05,5,NA,26.4783333333333,181.874942528736,-3.13146141215106,NA,"1 C3",-0.000250516912972085,-0.000122182643745134,-0.000128334269226951,-2.56668538453902e-05,-0.0256668538453902
"11",20211208,4,"A4",641,"Ambient",26,"Sample",34,"1",8e-05,5,NA,26.4783333333333,210.229827586207,-6.21014778325122,NA,"1 A4",-0.000496811822660098,-0.000122182643745134,-0.000374629178914964,-7.49258357829927e-05,-0.0749258357829928
"12",20211208,10,"B4",641,"High",26,"Sample",34,"1",8e-05,5,NA,26.4783333333333,250.252585960079,-0.450057531804545,NA,"1 B4",-3.60046025443636e-05,-0.000122182643745134,8.61780412007703e-05,1.72356082401541e-05,0.0172356082401541
"13",20211208,22,"D4",641,"High",26,"Sample",34,"1",8e-05,5,NA,26.4783333333333,223.5571,-7.29116923076923,NA,"1 D4",-0.000583293538461539,-0.000122182643745134,-0.000461110894716405,-9.22221789432809e-05,-0.0922221789432809
"14",20211208,5,"A5",641,"Ambient",26,"Sample",34,"1",8e-05,5,NA,26.4783333333333,206.382924901186,-5.3499604743083,NA,"1 A5",-0.000427996837944664,-0.000122182643745134,-0.00030581419419953,-6.1162838839906e-05,-0.061162838839906
"15",20211208,11,"B5",641,"High",26,"Sample",34,"1",8e-05,5,NA,26.4783333333333,215.748716472905,-2.48052906422718,NA,"1 B5",-0.000198442325138174,-0.000122182643745134,-7.62596813930405e-05,-1.52519362786081e-05,-0.0152519362786081
"16",20211208,17,"C5",641,"Ambient",26,"Sample",34,"1",8e-05,5,NA,26.4783333333333,249.8843908308,-7.50206469821972,NA,"1 C5",-0.000600165175857578,-0.000122182643745134,-0.000477982532112444,-9.55965064224888e-05,-0.0955965064224888
"17",20211208,23,"D5",641,"High",26,"Sample",34,"1",8e-05,5,NA,26.4783333333333,210.24836222692,-2.81740944326991,NA,"1 D5",-0.000225392755461593,-0.000122182643745134,-0.000103210111716459,-2.06420223432918e-05,-0.0206420223432918
"18",20211208,18,"C6",641,"Ambient",26,"Sample",34,"1",8e-05,5,NA,26.4783333333333,150.461348968105,-2.5671894934334,NA,"1 C6",-0.000205375159474672,-0.000122182643745134,-8.31925157295381e-05,-1.66385031459076e-05,-0.0166385031459076
"19",20211208,24,"D6",641,"High",26,"Sample",34,"1",8e-05,5,NA,26.4783333333333,266.610164884135,-7.67898395721925,NA,"1 D6",-0.00061431871657754,-0.000122182643745134,-0.000492136072832406,-9.84272145664812e-05,-0.0984272145664812
"20",20211208,7,"B1",710,"High",8,"Sample",34,"2",8e-05,5,NA,8.27571428571428,370.560278745645,-3.63926132404182,NA,"2 B1",-0.000291140905923346,-0.000122182643745134,-0.000168958262178212,-3.37916524356423e-05,-0.0337916524356423
"21",20211208,19,"D1",710,"High",8,"Sample",34,"2",8e-05,5,NA,8.27571428571428,407.187042900043,-3.63970141570141,NA,"2 D1",-0.000291176113256113,-0.000122182643745134,-0.000168993469510979,-3.37986939021958e-05,-0.0337986939021958
"22",20211208,8,"B2",710,"High",8,"Sample",34,"2",8e-05,5,NA,8.27571428571428,355.616850174216,-2.33154006968642,NA,"2 B2",-0.000186523205574914,-0.000122182643745134,-6.43405618297797e-05,-1.28681123659559e-05,-0.0128681123659559
"23",20211208,14,"C2",710,"Ambient",8,"Sample",34,"2",8e-05,5,NA,8.27571428571428,350.887715813598,-2.90195874713521,NA,"2 C2",-0.000232156699770817,-0.000122182643745134,-0.000109974056025683,-2.19948112051366e-05,-0.0219948112051366
"24",20211208,20,"D2",710,"High",8,"Sample",34,"2",8e-05,5,NA,8.27571428571428,395.806679841898,-6.2320948616601,NA,"2 D2",-0.000498567588932808,-0.000122182643745134,-0.000376384945187674,-7.52769890375348e-05,-0.0752769890375348
"25",20211208,3,"A3",710,"Ambient",8,"Sample",34,"2",8e-05,5,NA,8.27571428571428,300.638364145658,-3.89232492997198,NA,"2 A3",-0.000311385994397758,-0.000122182643745134,-0.000189203350652624,-3.78406701305249e-05,-0.0378406701305249
"26",20211208,9,"B3",710,"High",8,"Sample",34,"2",8e-05,5,NA,8.27571428571428,360.567293868922,-3.35170039263062,NA,"2 B3",-0.00026813603141045,-0.000122182643745134,-0.000145953387665316,-2.91906775330631e-05,-0.0291906775330631
"27",20211208,15,"C3",710,"Ambient",8,"Sample",34,"2",8e-05,5,NA,8.27571428571428,347.332437151437,-4.23476447876449,NA,"2 C3",-0.000338781158301159,-0.000122182643745134,-0.000216598514556025,-4.33197029112051e-05,-0.0433197029112051
"28",20211208,21,"D3",710,"High",8,"Sample",34,"2",8e-05,5,NA,8.27571428571428,283.498502024291,-2.70240507714192,NA,"2 D3",-0.000216192406171354,-0.000122182643745134,-9.40097624262197e-05,-1.88019524852439e-05,-0.0188019524852439
"29",20211208,4,"A4",710,"Ambient",8,"Sample",34,"2",8e-05,5,NA,8.27571428571428,352.120138295318,-3.90850996398559,NA,"2 A4",-0.000312680797118847,-0.000122182643745134,-0.000190498153373713,-3.80996306747427e-05,-0.0380996306747427
"30",20211208,10,"B4",710,"High",8,"Sample",34,"2",8e-05,5,NA,8.27571428571428,363.154381801126,-3.32760600375234,NA,"2 B4",-0.000266208480300187,-0.000122182643745134,-0.000144025836555053,-2.88051673110107e-05,-0.0288051673110107
"31",20211208,16,"C4",710,"Ambient",8,"Sample",34,"2",8e-05,5,NA,8.27571428571428,355.009594576344,-4.68034681144153,NA,"2 C4",-0.000374427744915322,-0.000122182643745134,-0.000252245101170189,-5.04490202340377e-05,-0.0504490202340377
"32",20211208,22,"D4",710,"High",8,"Sample",34,"2",8e-05,5,NA,8.27571428571428,353.788402295379,-3.57867713681667,NA,"2 D4",-0.000286294170945334,-0.000122182643745134,-0.0001641115272002,-3.28223054400399e-05,-0.0328223054400399
"33",20211208,5,"A5",710,"Ambient",8,"Sample",34,"2",8e-05,5,NA,8.27571428571428,402.614845992582,-5.34673117239155,NA,"2 A5",-0.000427738493791324,-0.000122182643745134,-0.00030555585004619,-6.1111170009238e-05,-0.061111170009238
"34",20211208,17,"C5",710,"Ambient",8,"Sample",34,"2",8e-05,5,NA,8.27571428571428,401.216843551797,-4.06881183932346,NA,"2 C5",-0.000325504947145877,-0.000122182643745134,-0.000203322303400743,-4.06644606801486e-05,-0.0406644606801486
"35",20211208,23,"D5",710,"High",8,"Sample",34,"2",8e-05,5,NA,8.27571428571428,382.090215987934,-4.52170859728507,NA,"2 D5",-0.000361736687782806,-0.000122182643745134,-0.000239554044037672,-4.79108088075343e-05,-0.0479108088075343
"36",20211208,18,"C6",710,"Ambient",8,"Sample",34,"2",8e-05,5,NA,8.27571428571428,338.199218732903,-4.29953824269614,NA,"2 C6",-0.000343963059415691,-0.000122182643745134,-0.000221780415670557,-4.43560831341115e-05,-0.0443560831341115
"37",20211208,24,"D6",710,"High",8,"Sample",34,"2",8e-05,5,NA,8.27571428571428,341.774876901193,-5.99753583543057,NA,"2 D6",-0.000479802866834446,-0.000122182643745134,-0.000357620223089312,-7.15240446178623e-05,-0.0715240446178623
"38",20211208,1,"A1",641,"Ambient",32,"Sample",34,"3",8e-05,5,NA,32.355,199.116097101449,-3.00706086956522,NA,"3 A1",-0.000240564869565218,-0.000122182643745134,-0.000118382225820084,-2.36764451640167e-05,-0.0236764451640167
"39",20211208,13,"C1",641,"Ambient",32,"Sample",34,"3",8e-05,5,NA,32.355,199.332754182754,-8.24169884169884,NA,"3 C1",-0.000659335907335907,-0.000122182643745134,-0.000537153263590773,-0.000107430652718155,-0.107430652718155
"40",20211208,19,"D1",641,"High",32,"Sample",34,"3",8e-05,5,NA,32.355,211.549010452962,-5.85032752613241,NA,"3 D1",-0.000468026202090593,-0.000122182643745134,-0.000345843558345459,-6.91687116690918e-05,-0.0691687116690918
"41",20211208,2,"A2",641,"Ambient",32,"Sample",34,"3",8e-05,5,NA,32.355,210.856487394958,-7.18126610644257,NA,"3 A2",-0.000574501288515406,-0.000122182643745134,-0.000452318644770272,-9.04637289540543e-05,-0.0904637289540543
"42",20211208,8,"B2",641,"High",32,"Sample",34,"3",8e-05,5,NA,32.355,170.939360225141,-1.97188742964353,NA,"3 B2",-0.000157750994371482,-0.000122182643745134,-3.55683506263485e-05,-7.11367012526969e-06,-0.00711367012526969
"43",20211208,14,"C2",641,"Ambient",32,"Sample",34,"3",8e-05,5,NA,32.355,159.982534690102,-0.84125316065372,NA,"3 C2",-6.73002528522976e-05,-0.000122182643745134,5.48823908928363e-05,1.09764781785673e-05,0.0109764781785673
"44",20211208,20,"D2",641,"High",32,"Sample",34,"3",8e-05,5,NA,32.355,294.072925579323,-9.46116310160428,NA,"3 D2",-0.000756893048128342,-0.000122182643745134,-0.000634710404383208,-0.000126942080876642,-0.126942080876642
"45",20211208,3,"A3",641,"Ambient",32,"Sample",34,"3",8e-05,5,NA,32.355,201.712167487685,-2.41967159277503,NA,"3 A3",-0.000193573727422002,-0.000122182643745134,-7.13910836768685e-05,-1.42782167353737e-05,-0.0142782167353737
"46",20211208,9,"B3",641,"High",32,"Sample",34,"3",8e-05,5,NA,32.355,217.619650757637,-5.79530021878292,NA,"3 B3",-0.000463624017502634,-0.000122182643745134,-0.0003414413737575,-6.82882747514999e-05,-0.0682882747514999
"47",20211208,15,"C3",641,"Ambient",32,"Sample",34,"3",8e-05,5,NA,32.355,271.467290640394,-10.0175369458128,NA,"3 C3",-0.000801402955665024,-0.000122182643745134,-0.00067922031191989,-0.000135844062383978,-0.135844062383978
"48",20211208,21,"D3",641,"High",32,"Sample",34,"3",8e-05,5,NA,32.355,165.588356460068,-6.30917052112242,NA,"3 D3",-0.000504733641689794,-0.000122182643745134,-0.00038255099794466,-7.65101995889319e-05,-0.0765101995889319
"49",20211208,10,"B4",641,"High",32,"Sample",34,"3",8e-05,5,NA,32.355,223.571339497392,-5.54020862968232,NA,"3 B4",-0.000443216690374586,-0.000122182643745134,-0.000321034046629452,-6.42068093258903e-05,-0.0642068093258903
"50",20211208,16,"C4",641,"Ambient",32,"Sample",34,"3",8e-05,5,NA,32.355,175.344086369771,-0.71252631578947,NA,"3 C4",-5.70021052631576e-05,-0.000122182643745134,6.51805384819763e-05,1.30361076963953e-05,0.0130361076963953
"51",20211208,5,"A5",641,"Ambient",32,"Sample",34,"3",8e-05,5,NA,32.355,139.497775910364,-5.59531652661064,NA,"3 A5",-0.000447625322128851,-0.000122182643745134,-0.000325442678383717,-6.50885356767435e-05,-0.0650885356767435
"52",20211208,11,"B5",641,"High",32,"Sample",34,"3",8e-05,5,NA,32.355,233.004964438123,-2.04446000656528,NA,"3 B5",-0.000163556800525222,-0.000122182643745134,-4.13741567800885e-05,-8.27483135601769e-06,-0.00827483135601769
"53",20211208,17,"C5",641,"Ambient",32,"Sample",34,"3",8e-05,5,NA,32.355,174.642105263158,-5.64887624466572,NA,"3 C5",-0.000451910099573258,-0.000122182643745134,-0.000329727455828124,-6.59454911656247e-05,-0.0659454911656247
"54",20211208,23,"D5",641,"High",32,"Sample",34,"3",8e-05,5,NA,32.355,229.167425641026,-3.31809914529915,NA,"3 D5",-0.000265447931623932,-0.000122182643745134,-0.000143265287878798,-2.86530575757596e-05,-0.0286530575757596
"55",20211208,18,"C6",641,"Ambient",32,"Sample",34,"3",8e-05,5,NA,32.355,251.807049910874,-3.09144385026739,NA,"3 C6",-0.000247315508021391,-0.000122182643745134,-0.000125132864276257,-2.50265728552515e-05,-0.0250265728552515
"56",20211208,24,"D6",641,"High",32,"Sample",34,"3",8e-05,4,NA,32.355,222.164086021505,-2.91561290322581,NA,"3 D6",-0.000233249032258065,-0.000122182643745134,-0.000111066388512931,-2.77665971282327e-05,-0.0277665971282327
"57",20211208,1,"A1",710,"Ambient",18,"Sample",34,"4",8e-05,5,NA,18.14,293.44653030303,-5.20721212121212,NA,"4 A1",-0.00041657696969697,-0.000122182643745134,-0.000294394325951836,-5.88788651903671e-05,-0.0588788651903671
"58",20211208,7,"B1",710,"High",18,"Sample",34,"4",8e-05,5,NA,18.14,311.891053623189,-5.42507826086958,NA,"4 B1",-0.000434006260869566,-0.000122182643745134,-0.000311823617124433,-6.23647234248865e-05,-0.0623647234248865
"59",20211208,13,"C1",710,"Ambient",18,"Sample",34,"4",8e-05,5,NA,18.14,286.050898439376,-4.63697671068427,NA,"4 C1",-0.000370958136854742,-0.000122182643745134,-0.000248775493109608,-4.97550986219215e-05,-0.0497550986219215
"60",20211208,2,"A2",710,"Ambient",18,"Sample",34,"4",8e-05,5,NA,18.14,258.906569012383,-5.82964663243734,NA,"4 A2",-0.000466371730594987,-0.000122182643745134,-0.000344189086849853,-6.88378173699707e-05,-0.0688378173699707
"61",20211208,8,"B2",710,"High",18,"Sample",34,"4",8e-05,5,NA,18.14,281.311019027484,-4.10168287526427,NA,"4 B2",-0.000328134630021142,-0.000122182643745134,-0.000205951986276008,-4.11903972552015e-05,-0.0411903972552015
"62",20211208,14,"C2",710,"Ambient",18,"Sample",34,"4",8e-05,5,NA,18.14,241.666477832512,-3.9311330049261,NA,"4 C2",-0.000314490640394088,-0.000122182643745134,-0.000192307996648954,-3.84615993297908e-05,-0.0384615993297908
"63",20211208,20,"D2",710,"High",18,"Sample",34,"4",8e-05,5,NA,18.14,261.451828752643,-0.899120507399576,NA,"4 D2",-7.19296405919661e-05,-0.000122182643745134,5.02530031531679e-05,1.00506006306336e-05,0.0100506006306336
"64",20211208,9,"B3",710,"High",18,"Sample",34,"4",8e-05,5,NA,18.14,275.242738567917,-0.438979013045946,NA,"4 B3",-3.51183210436757e-05,-0.000122182643745134,8.70643227014583e-05,1.74128645402916e-05,0.0174128645402916
"65",20211208,15,"C3",710,"Ambient",18,"Sample",34,"4",8e-05,4,NA,18.14,201.040441595442,-2.75831501831502,NA,"4 C3",-0.000220665201465202,-0.000122182643745134,-9.84825577200677e-05,-2.46206394300169e-05,-0.0246206394300169
"66",20211208,21,"D3",710,"High",18,"Sample",34,"4",8e-05,5,NA,18.14,232.137707509882,0.114980237154132,NA,"4 D3",9.19841897233056e-06,-0.000122182643745134,0.000131381062717465,2.62762125434929e-05,0.0262762125434929
"67",20211208,4,"A4",710,"Ambient",18,"Sample",34,"4",8e-05,5,NA,18.14,272.252061538462,-6.27550769230769,NA,"4 A4",-0.000502040615384615,-0.000122182643745134,-0.000379857971639481,-7.59715943278962e-05,-0.0759715943278962
"68",20211208,10,"B4",710,"High",18,"Sample",34,"4",8e-05,5,NA,18.14,271.070833547833,-2.95266924066924,NA,"4 B4",-0.000236213539253539,-0.000122182643745134,-0.000114030895508405,-2.28061791016811e-05,-0.0228061791016811
"69",20211208,22,"D4",710,"High",18,"Sample",34,"4",8e-05,5,NA,18.14,252.816469622332,-1.24743295019156,NA,"4 D4",-9.97946360153248e-05,-0.000122182643745134,2.23880077298091e-05,4.47760154596183e-06,0.00447760154596183
"70",20211208,5,"A5",710,"Ambient",18,"Sample",34,"4",8e-05,5,NA,18.14,239.830132890366,-1.86325581395349,NA,"4 A5",-0.000149060465116279,-0.000122182643745134,-2.68778213711453e-05,-5.37556427422905e-06,-0.00537556427422905
"71",20211208,23,"D5",710,"High",18,"Sample",34,"4",8e-05,4,NA,18.14,261.583128584644,-1.91368732654949,NA,"4 D5",-0.000153094986123959,-0.000122182643745134,-3.09123423788253e-05,-7.72808559470632e-06,-0.00772808559470632
"72",20211208,6,"A6",710,"Ambient",18,"Sample",34,"4",8e-05,5,NA,18.14,263.675359408034,-1.71134400483238,NA,"4 A6",-0.00013690752038659,-0.000122182643745134,-1.47248766414565e-05,-2.9449753282913e-06,-0.0029449753282913
"73",20211208,18,"C6",710,"Ambient",18,"Sample",34,"4",8e-05,4,NA,18.14,242.97257020757,-2.85648351648353,NA,"4 C6",-0.000228518681318682,-0.000122182643745134,-0.000106336037573548,-2.65840093933871e-05,-0.0265840093933871
"74",20211208,24,"D6",710,"High",18,"Sample",34,"4",8e-05,5,NA,18.14,290.98399710145,-2.70467826086959,NA,"4 D6",-0.000216374260869567,-0.000122182643745134,-9.41916171244333e-05,-1.88383234248867e-05,-0.0188383234248867
"75",20211208,1,"A1",641,"Ambient",22,"Sample",34,"5",8e-05,5,NA,22.59,281.103778325123,-2.71938916256158,NA,"5 A1",-0.000217551133004926,-0.000122182643745134,-9.53684892597925e-05,-1.90736978519585e-05,-0.0190736978519585
"76",20211208,7,"B1",641,"High",22,"Sample",34,"5",8e-05,4,NA,22.59,270.919135472371,-2.57470588235294,NA,"5 B1",-0.000205976470588235,-0.000122182643745134,-8.37938268431013e-05,-2.09484567107753e-05,-0.0209484567107753
"77",20211208,13,"C1",641,"Ambient",22,"Sample",34,"5",8e-05,5,NA,22.59,240.439629032258,-1.40891935483872,NA,"5 C1",-0.000112713548387098,-0.000122182643745134,9.46909535803634e-06,1.89381907160727e-06,0.00189381907160727
"78",20211208,19,"D1",641,"High",22,"Sample",34,"5",8e-05,5,NA,22.59,263.459260459714,-2.68928611943928,NA,"5 D1",-0.000215142889555142,-0.000122182643745134,-9.29602458100085e-05,-1.85920491620017e-05,-0.0185920491620017
"79",20211208,2,"A2",641,"Ambient",22,"Sample",34,"5",8e-05,5,NA,22.59,291.633043478261,-8.39517786561266,NA,"5 A2",-0.000671614229249013,-0.000122182643745134,-0.000549431585503879,-0.000109886317100776,-0.109886317100776
"80",20211208,14,"C2",641,"Ambient",22,"Sample",34,"5",8e-05,5,NA,22.59,265.962,-3.90864957264956,NA,"5 C2",-0.000312691965811965,-0.000122182643745134,-0.000190509322066831,-3.81018644133662e-05,-0.0381018644133662
"81",20211208,20,"D2",641,"High",22,"Sample",34,"5",8e-05,5,NA,22.59,268.01685483871,-2.33137096774193,NA,"5 D2",-0.000186509677419354,-0.000122182643745134,-6.43270336742205e-05,-1.28654067348441e-05,-0.0128654067348441
"82",20211208,3,"A3",641,"Ambient",22,"Sample",34,"5",8e-05,5,NA,22.59,240.523743842365,-3.86315270935961,NA,"5 A3",-0.000309052216748769,-0.000122182643745134,-0.000186869573003635,-3.7373914600727e-05,-0.037373914600727
"83",20211208,9,"B3",641,"High",22,"Sample",34,"5",8e-05,5,NA,22.59,260.84937870893,-3.51041250542771,NA,"5 B3",-0.000280833000434217,-0.000122182643745134,-0.000158650356689083,-3.17300713378166e-05,-0.0317300713378166
"84",20211208,15,"C3",641,"Ambient",22,"Sample",34,"5",8e-05,5,NA,22.59,291.059715099715,-3.44945054945056,NA,"5 C3",-0.000275956043956045,-0.000122182643745134,-0.000153773400210911,-3.07546800421822e-05,-0.0307546800421822
"85",20211208,21,"D3",641,"High",22,"Sample",34,"5",8e-05,5,NA,22.59,213.983463179779,-5.82488674909728,NA,"5 D3",-0.000465990939927782,-0.000122182643745134,-0.000343808296182649,-6.87616592365297e-05,-0.0687616592365297
"86",20211208,4,"A4",641,"Ambient",22,"Sample",34,"5",8e-05,5,NA,22.59,223.980057932264,-3.94403743315508,NA,"5 A4",-0.000315522994652406,-0.000122182643745134,-0.000193340350907272,-3.86680701814545e-05,-0.0386680701814545
"87",20211208,10,"B4",641,"High",22,"Sample",34,"5",8e-05,5,NA,22.59,233.814192192192,-4.9978018018018,NA,"5 B4",-0.000399824144144144,-0.000122182643745134,-0.00027764150039901,-5.5528300079802e-05,-0.055528300079802
"88",20211208,16,"C4",641,"Ambient",22,"Sample",34,"5",8e-05,5,NA,22.59,290.361818181818,-2.55849802371542,NA,"5 C4",-0.000204679841897234,-0.000122182643745134,-8.24971981520997e-05,-1.64994396304199e-05,-0.0164994396304199
"89",20211208,22,"D4",641,"High",22,"Sample",34,"5",8e-05,5,NA,22.59,161.945635891732,-4.826340378198,NA,"5 D4",-0.00038610723025584,-0.000122182643745134,-0.000263924586510706,-5.27849173021412e-05,-0.0527849173021412
"90",20211208,11,"B5",641,"High",22,"Sample",34,"5",8e-05,5,NA,22.59,275.825807692308,-1.57092307692309,NA,"5 B5",-0.000125673846153847,-0.000122182643745134,-3.49120240871327e-06,-6.98240481742654e-07,-0.000698240481742654
"91",20211208,17,"C5",641,"Ambient",22,"Sample",34,"5",8e-05,5,NA,22.59,234.88159796725,-3.91839638622247,NA,"5 C5",-0.000313471710897798,-0.000122182643745134,-0.000191289067152664,-3.82578134305327e-05,-0.0382578134305327
"92",20211208,23,"D5",641,"High",22,"Sample",34,"5",8e-05,5,NA,22.59,277.638498249808,-2.32832408435073,NA,"5 D5",-0.000186265926748058,-0.000122182643745134,-6.40832830029244e-05,-1.28166566005849e-05,-0.0128166566005849
"93",20211208,18,"C6",641,"Ambient",22,"Sample",34,"5",8e-05,5,NA,22.59,267.144590964591,-2.29909645909645,NA,"5 C6",-0.000183927716727716,-0.000122182643745134,-6.17450729825821e-05,-1.23490145965164e-05,-0.0123490145965164
"94",20211208,24,"D6",641,"High",22,"Sample",34,"5",8e-05,5,NA,22.59,261.415443714821,-2.65493433395871,NA,"5 D6",-0.000212394746716697,-0.000122182643745134,-9.02121029715629e-05,-1.80424205943126e-05,-0.0180424205943126
"95",20211208,7,"B1",710,"High",30,"Sample",34,"6",8e-05,5,NA,30.4742857142857,245.027142857143,-1.47065546218486,NA,"6 B1",-0.000117652436974789,-0.000122182643745134,4.53020677034513e-06,9.06041354069027e-07,0.000906041354069027
"96",20211208,13,"C1",710,"Ambient",30,"Sample",34,"6",8e-05,5,NA,30.4742857142857,240.599015384615,-2.30424615384615,NA,"6 C1",-0.000184339692307692,-0.000122182643745134,-6.21570485625581e-05,-1.24314097125116e-05,-0.0124314097125116
"97",20211208,19,"D1",710,"High",30,"Sample",34,"6",8e-05,4,NA,30.4742857142857,237.998298387097,-0.50829032258065,NA,"6 D1",-4.0663225806452e-05,-0.000122182643745134,8.15194179386819e-05,2.03798544846705e-05,0.0203798544846705
"98",20211208,2,"A2",710,"Ambient",30,"Sample",34,"6",8e-05,5,NA,30.4742857142857,216.902838612368,-4.9432036199095,NA,"6 A2",-0.00039545628959276,-0.000122182643745134,-0.000273273645847626,-5.46547291695252e-05,-0.0546547291695252
"99",20211208,8,"B2",710,"High",30,"Sample",34,"6",8e-05,5,NA,30.4742857142857,237.145351351351,-1.46425225225225,NA,"6 B2",-0.00011714018018018,-0.000122182643745134,5.04246356495393e-06,1.00849271299079e-06,0.00100849271299079
"100",20211208,14,"C2",710,"Ambient",30,"Sample",34,"6",8e-05,5,NA,30.4742857142857,228.826334975369,-2.68742857142857,NA,"6 C2",-0.000214994285714286,-0.000122182643745134,-9.28116419691517e-05,-1.85623283938303e-05,-0.0185623283938303
"101",20211208,20,"D2",710,"High",30,"Sample",34,"6",8e-05,5,NA,30.4742857142857,247.831784615385,-4.02215384615385,NA,"6 D2",-0.000321772307692308,-0.000122182643745134,-0.000199589663947174,-3.99179327894348e-05,-0.0399179327894348
"102",20211208,3,"A3",710,"Ambient",30,"Sample",34,"6",8e-05,5,NA,30.4742857142857,142.218290513834,-1.69790513833993,NA,"6 A3",-0.000135832411067194,-0.000122182643745134,-1.36497673220605e-05,-2.72995346441209e-06,-0.00272995346441209
"103",20211208,9,"B3",710,"High",30,"Sample",34,"6",8e-05,5,NA,30.4742857142857,229.623805668016,-2.18894736842104,NA,"6 B3",-0.000175115789473683,-0.000122182643745134,-5.29331457285493e-05,-1.05866291457099e-05,-0.0105866291457099
"104",20211208,21,"D3",710,"High",30,"Sample",34,"6",8e-05,5,NA,30.4742857142857,226.175078236131,-2.39470839260312,NA,"6 D3",-0.00019157667140825,-0.000122182643745134,-6.93940276631157e-05,-1.38788055326231e-05,-0.0138788055326231
"105",20211208,4,"A4",710,"Ambient",30,"Sample",34,"6",8e-05,5,NA,30.4742857142857,186.392107692308,-4.28633846153847,NA,"6 A4",-0.000342907076923078,-0.000122182643745134,-0.000220724433177944,-4.41448866355887e-05,-0.0441448866355887
"106",20211208,10,"B4",710,"High",30,"Sample",34,"6",8e-05,5,NA,30.4742857142857,233.940714285714,-1.57566502463054,NA,"6 B4",-0.000126053201970443,-0.000122182643745134,-3.87055822530927e-06,-7.74111645061854e-07,-0.000774111645061854
"107",20211208,16,"C4",710,"Ambient",30,"Sample",34,"6",8e-05,5,NA,30.4742857142857,207.931684358372,-6.28494611457743,NA,"6 C4",-0.000502795689166194,-0.000122182643745134,-0.00038061304542106,-7.61226090842121e-05,-0.0761226090842121
"108",20211208,22,"D4",710,"High",30,"Sample",34,"6",8e-05,5,NA,30.4742857142857,222.363165554218,-2.23714191924719,NA,"6 D4",-0.000178971353539775,-0.000122182643745134,-5.67887097946413e-05,-1.13577419589283e-05,-0.0113577419589283
"109",20211208,5,"A5",710,"Ambient",30,"Sample",34,"6",8e-05,5,NA,30.4742857142857,207.356689655172,-4.00175369458128,NA,"6 A5",-0.000320140295566502,-0.000122182643745134,-0.000197957651821368,-3.95915303642737e-05,-0.0395915303642737
"110",20211208,17,"C5",710,"Ambient",30,"Sample",34,"6",8e-05,5,NA,30.4742857142857,252.813148148148,-1.73999999999999,NA,"6 C5",-0.000139199999999999,-0.000122182643745134,-1.70173562548653e-05,-3.40347125097305e-06,-0.00340347125097305
"111",20211208,23,"D5",710,"High",30,"Sample",34,"6",8e-05,5,NA,30.4742857142857,230.565149425287,-3.81213793103447,NA,"6 D5",-0.000304971034482758,-0.000122182643745134,-0.000182788390737624,-3.65576781475247e-05,-0.0365576781475247
"112",20211208,6,"A6",710,"Ambient",30,"Sample",34,"6",8e-05,5,NA,30.4742857142857,232.489483109483,-1.50827838827841,NA,"6 A6",-0.000120662271062273,-0.000122182643745134,1.52037268286113e-06,3.04074536572227e-07,0.000304074536572227
"113",20211208,18,"C6",710,"Ambient",30,"Sample",34,"6",8e-05,5,NA,30.4742857142857,208.782719633308,-2.7670038197097,NA,"6 C6",-0.000221360305576776,-0.000122182643745134,-9.91776618316421e-05,-1.98355323663284e-05,-0.0198355323663284
"114",20211208,24,"D6",710,"High",30,"Sample",34,"6",8e-05,5,NA,30.4742857142857,222.131807692308,-1.34458461538464,NA,"6 D6",-0.000107566769230771,-0.000122182643745134,1.46158745143627e-05,2.92317490287255e-06,0.00292317490287255
"115",20211208,1,"A1",641,"Ambient",40,"Sample",34,"7",8e-05,4,NA,39.55,115.697471375585,-2.87456861796485,NA,"7 A1",-0.000229965489437188,-0.000122182643745134,-0.000107782845692054,-2.69457114230135e-05,-0.0269457114230135
"116",20211208,7,"B1",641,"High",40,"Sample",34,"7",8e-05,5,NA,39.55,188.727163227017,-4.84898686679175,NA,"7 B1",-0.00038791894934334,-0.000122182643745134,-0.000265736305598206,-5.31472611196412e-05,-0.0531472611196412
"117",20211208,13,"C1",641,"Ambient",40,"Sample",34,"7",8e-05,5,NA,39.55,208.415483641536,-6.42551920341394,NA,"7 C1",-0.000514041536273115,-0.000122182643745134,-0.000391858892527981,-7.83717785055963e-05,-0.0783717785055963
"118",20211208,19,"D1",641,"High",40,"Sample",34,"7",8e-05,5,NA,39.55,159.717088669951,-1.1184039408867,NA,"7 D1",-8.9472315270936e-05,-0.000122182643745134,3.27103284741979e-05,6.54206569483959e-06,0.00654206569483959
"119",20211208,2,"A2",641,"Ambient",40,"Sample",34,"7",8e-05,5,NA,39.55,157.294194183865,-3.82660787992495,NA,"7 A2",-0.000306128630393996,-0.000122182643745134,-0.000183945986648862,-3.67891973297724e-05,-0.0367891973297724
"120",20211208,20,"D2",641,"High",40,"Sample",34,"7",8e-05,5,NA,39.55,191.500717948718,-3.79835897435898,NA,"7 D2",-0.000303868717948718,-0.000122182643745134,-0.000181686074203584,-3.63372148407169e-05,-0.0363372148407169
"121",20211208,9,"B3",641,"High",40,"Sample",34,"7",8e-05,5,NA,39.55,158.803283634497,-2.61285795316425,NA,"7 B3",-0.00020902863625314,-0.000122182643745134,-8.68459925080061e-05,-1.73691985016012e-05,-0.0173691985016012
"122",20211208,15,"C3",641,"Ambient",40,"Sample",34,"7",8e-05,5,NA,39.55,157.461260458839,-2.71110931174089,NA,"7 C3",-0.000216888744939271,-0.000122182643745134,-9.47061011941373e-05,-1.89412202388275e-05,-0.0189412202388275
"123",20211208,21,"D3",641,"High",40,"Sample",34,"7",8e-05,6,NA,39.55,135.680023931624,-5.7041094017094,NA,"7 D3",-0.000456328752136752,-0.000122182643745134,-0.000334146108391618,-5.56910180652697e-05,-0.0556910180652697
"124",20211208,4,"A4",641,"Ambient",40,"Sample",34,"7",8e-05,5,NA,39.55,169.314137931034,-2.05168472906404,NA,"7 A4",-0.000164134778325123,-0.000122182643745134,-4.19521345799893e-05,-8.39042691599785e-06,-0.00839042691599785
"125",20211208,22,"D4",641,"High",40,"Sample",34,"7",8e-05,4,NA,39.55,143.90754097145,-4.43813125695217,NA,"7 D4",-0.000355050500556174,-0.000122182643745134,-0.00023286785681104,-5.82169642027599e-05,-0.0582169642027599
"126",20211208,5,"A5",641,"Ambient",40,"Sample",34,"7",8e-05,5,NA,39.55,173.171802935011,-6.62510240283825,NA,"7 A5",-0.00053000819222706,-0.000122182643745134,-0.000407825548481926,-8.15651096963852e-05,-0.0815651096963852
"127",20211208,11,"B5",641,"High",40,"Sample",34,"7",8e-05,5,NA,39.55,180.888838709678,-1.32950000000001,NA,"7 B5",-0.000106360000000001,-0.000122182643745134,1.58226437451331e-05,3.16452874902663e-06,0.00316452874902663
"128",20211208,17,"C5",641,"Ambient",40,"Sample",34,"7",8e-05,5,NA,39.55,194.722013348164,-2.83218687430478,NA,"7 C5",-0.000226574949944382,-0.000122182643745134,-0.000104392306199248,-2.08784612398497e-05,-0.0208784612398497
"129",20211208,23,"D5",641,"High",40,"Sample",34,"7",8e-05,5,NA,39.55,158.423411764706,-1.18870588235294,NA,"7 D5",-9.50964705882352e-05,-0.000122182643745134,2.70861731568987e-05,5.41723463137975e-06,0.00541723463137975
"130",20211208,18,"C6",641,"Ambient",40,"Sample",34,"7",8e-05,5,NA,39.55,241.320123281176,-8.08087245139877,NA,"7 C6",-0.000646469796111902,-0.000122182643745134,-0.000524287152366768,-0.000104857430473354,-0.104857430473354
"131",20211208,24,"D6",641,"High",40,"Sample",34,"7",8e-05,5,NA,39.55,154.306794215795,-1.1082447163515,NA,"7 D6",-8.865957730812e-05,-0.000122182643745134,3.35230664370139e-05,6.70461328740279e-06,0.00670461328740279
"132",20211208,1,"A1",710,"Ambient",34,"Sample",34,"8",8e-05,5,NA,34.1966666666667,248.157641700405,-7.48018623481781,NA,"8 A1",-0.000598414898785425,-0.000122182643745134,-0.000476232255040291,-9.52464510080582e-05,-0.0952464510080582
"133",20211208,7,"B1",710,"High",34,"Sample",34,"8",8e-05,5,NA,34.1966666666667,217.021955691367,-1.09573720397248,NA,"8 B1",-8.76589763177984e-05,-0.000122182643745134,3.45236674273355e-05,6.90473348546711e-06,0.00690473348546711
"134",20211208,2,"A2",710,"Ambient",34,"Sample",34,"8",8e-05,5,NA,34.1966666666667,215.237703374119,-4.89795773081201,NA,"8 A2",-0.000391836618464961,-0.000122182643745134,-0.000269653974719827,-5.39307949439654e-05,-0.0539307949439654
"135",20211208,8,"B2",710,"High",34,"Sample",34,"8",8e-05,5,NA,34.1966666666667,222.805613240418,-1.63733797909408,NA,"8 B2",-0.000130987038327526,-0.000122182643745134,-8.80439458239248e-06,-1.7608789164785e-06,-0.0017608789164785
"136",20211208,14,"C2",710,"Ambient",34,"Sample",34,"8",8e-05,5,NA,34.1966666666667,322.614529014845,-9.50563562753036,NA,"8 C2",-0.000760450850202429,-0.000122182643745134,-0.000638268206457295,-0.000127653641291459,-0.127653641291459
"137",20211208,20,"D2",710,"High",34,"Sample",34,"8",8e-05,5,NA,34.1966666666667,197.30297983871,-1.89711290322581,NA,"8 D2",-0.000151769032258065,-0.000122182643745134,-2.95863885129309e-05,-5.91727770258618e-06,-0.00591727770258618
"138",20211208,3,"A3",710,"Ambient",34,"Sample",34,"8",8e-05,4,NA,34.1966666666667,184.927087179487,-4.7923282051282,NA,"8 A3",-0.000383386256410256,-0.000122182643745134,-0.000261203612665122,-6.53009031662805e-05,-0.0653009031662805
"139",20211208,21,"D3",710,"High",34,"Sample",34,"8",8e-05,5,NA,34.1966666666667,198.407853072853,-1.22815628815628,NA,"8 D3",-9.82525030525024e-05,-0.000122182643745134,2.39301406926315e-05,4.78602813852631e-06,0.00478602813852631
"140",20211208,10,"B4",710,"High",34,"Sample",34,"8",8e-05,5,NA,34.1966666666667,206.845300492611,-4.44939901477832,NA,"8 B4",-0.000355951921182266,-0.000122182643745134,-0.000233769277437132,-4.67538554874263e-05,-0.0467538554874263
"141",20211208,16,"C4",710,"Ambient",34,"Sample",34,"8",8e-05,5,NA,34.1966666666667,236.704868376069,-3.02587350427351,NA,"8 C4",-0.000242069880341881,-0.000122182643745134,-0.000119887236596747,-2.39774473193494e-05,-0.0239774473193494
"142",20211208,5,"A5",710,"Ambient",34,"Sample",34,"8",8e-05,4,NA,34.1966666666667,201.802766386555,-4.11912605042017,NA,"8 A5",-0.000329530084033614,-0.000122182643745134,-0.00020734744028848,-5.18368600721199e-05,-0.0518368600721199
"143",20211208,17,"C5",710,"Ambient",34,"Sample",34,"8",8e-05,5,NA,34.1966666666667,229.91012369338,-5.44647386759582,NA,"8 C5",-0.000435717909407666,-0.000122182643745134,-0.000313535265662532,-6.27070531325064e-05,-0.0627070531325064
"144",20211208,23,"D5",710,"High",34,"Sample",34,"8",8e-05,5,NA,34.1966666666667,201.623048433048,-3.25672771672772,NA,"8 D5",-0.000260538217338218,-0.000122182643745134,-0.000138355573593084,-2.76711147186167e-05,-0.0276711147186167
"145",20211208,6,"A6",710,"Ambient",34,"Sample",34,"8",8e-05,5,NA,34.1966666666667,277.142917668825,-7.62752019734814,NA,"8 A6",-0.000610201615787851,-0.000122182643745134,-0.000488018972042717,-9.76037944085435e-05,-0.0976037944085435
"146",20211208,18,"C6",710,"Ambient",34,"Sample",34,"8",8e-05,4,NA,34.1966666666667,223.887996299722,-5.46338328707986,NA,"8 C6",-0.000437070662966389,-0.000122182643745134,-0.000314888019221255,-7.87220048053137e-05,-0.0787220048053137
"147",20211208,24,"D6",710,"High",34,"Sample",34,"8",8e-05,5,NA,34.1966666666667,176.698673020528,-0.919538123167154,NA,"8 D6",-7.35630498533723e-05,-0.000122182643745134,4.86195938917616e-05,9.72391877835232e-06,0.00972391877835232
"148",20211208,1,"A1",641,"Ambient",24,"Sample",34,"9",8e-05,5,NA,24.5883333333333,292.909333020638,-3.36449155722327,NA,"9 A1",-0.000269159324577862,-0.000122182643745134,-0.000146976680832728,-2.93953361665455e-05,-0.0293953361665455
"149",20211208,7,"B1",641,"High",24,"Sample",34,"9",8e-05,5,NA,24.5883333333333,222.258947947214,-6.59440615835776,NA,"9 B1",-0.000527552492668621,-0.000122182643745134,-0.000405369848923487,-8.10739697846974e-05,-0.0810739697846974
"150",20211208,13,"C1",641,"Ambient",24,"Sample",34,"9",8e-05,5,NA,24.5883333333333,279.625253846154,-4.77824615384616,NA,"9 C1",-0.000382259692307693,-0.000122182643745134,-0.000260077048562559,-5.20154097125118e-05,-0.0520154097125118
"151",20211208,19,"D1",641,"High",24,"Sample",34,"9",8e-05,4,NA,24.5883333333333,234.858457468457,-6.52800976800976,NA,"9 D1",-0.000522240781440781,-0.000122182643745134,-0.000400058137695647,-0.000100014534423912,-0.100014534423912
"152",20211208,2,"A2",641,"Ambient",24,"Sample",34,"9",8e-05,5,NA,24.5883333333333,319.497338461539,-3.71464615384616,NA,"9 A2",-0.000297171692307693,-0.000122182643745134,-0.000174989048562559,-3.49978097125118e-05,-0.0349978097125118
"153",20211208,14,"C2",641,"Ambient",24,"Sample",34,"9",8e-05,5,NA,24.5883333333333,370.399474972191,-12.3845695216908,NA,"9 C2",-0.000990765561735264,-0.000122182643745134,-0.00086858291799013,-0.000173716583598026,-0.173716583598026
"154",20211208,20,"D2",641,"High",24,"Sample",34,"9",8e-05,5,NA,24.5883333333333,289.478408178946,-8.12924272176214,NA,"9 D2",-0.000650339417740971,-0.000122182643745134,-0.000528156773995837,-0.000105631354799167,-0.105631354799167
"155",20211208,3,"A3",641,"Ambient",24,"Sample",34,"9",8e-05,5,NA,24.5883333333333,264.458319696084,-8.1110812390415,NA,"9 A3",-0.00064888649912332,-0.000122182643745134,-0.000526703855378186,-0.000105340771075637,-0.105340771075637
"156",20211208,9,"B3",641,"High",24,"Sample",34,"9",8e-05,5,NA,24.5883333333333,230.587520408163,-6.43243265306122,NA,"9 B3",-0.000514594612244898,-0.000122182643745134,-0.000392411968499764,-7.84823936999527e-05,-0.0784823936999527
"157",20211208,15,"C3",641,"Ambient",24,"Sample",34,"9",8e-05,4,NA,24.5883333333333,303.844549682875,-7.44108809020436,NA,"9 C3",-0.000595287047216349,-0.000122182643745134,-0.000473104403471215,-0.000118276100867804,-0.118276100867804
"158",20211208,21,"D3",641,"High",24,"Sample",34,"9",8e-05,5,NA,24.5883333333333,215.470231267345,-6.32935923527598,NA,"9 D3",-0.000506348738822078,-0.000122182643745134,-0.000384166095076945,-7.68332190153889e-05,-0.0768332190153889
"159",20211208,4,"A4",641,"Ambient",24,"Sample",34,"9",8e-05,5,NA,24.5883333333333,253.242718574109,-5.23258911819888,NA,"9 A4",-0.00041860712945591,-0.000122182643745134,-0.000296424485710776,-5.92848971421553e-05,-0.0592848971421553
"160",20211208,10,"B4",641,"High",24,"Sample",34,"9",8e-05,5,NA,24.5883333333333,250.64756271777,-6.35698257839721,NA,"9 B4",-0.000508558606271777,-0.000122182643745134,-0.000386375962526643,-7.72751925053286e-05,-0.0772751925053286
"161",20211208,16,"C4",641,"Ambient",24,"Sample",34,"9",8e-05,5,NA,24.5883333333333,319.079086452763,-5.01406417112299,NA,"9 C4",-0.000401125133689839,-0.000122182643745134,-0.000278942489944705,-5.57884979889411e-05,-0.0557884979889411
"162",20211208,22,"D4",641,"High",24,"Sample",34,"9",8e-05,5,NA,24.5883333333333,140.665079365079,-5.01587301587302,NA,"9 D4",-0.000401269841269842,-0.000122182643745134,-0.000279087197524708,-5.58174395049415e-05,-0.0558174395049415
"163",20211208,11,"B5",641,"High",24,"Sample",34,"9",8e-05,5,NA,24.5883333333333,278.276024291498,-4.88817004048584,NA,"9 B5",-0.000391053603238867,-0.000122182643745134,-0.000268870959493733,-5.37741918987467e-05,-0.0537741918987467
"164",20211208,17,"C5",641,"Ambient",24,"Sample",34,"9",8e-05,5,NA,24.5883333333333,282.220721542455,-9.2304872080089,NA,"9 C5",-0.000738438976640712,-0.000122182643745134,-0.000616256332895578,-0.000123251266579116,-0.123251266579116
"165",20211208,23,"D5",641,"High",24,"Sample",34,"9",8e-05,4,NA,24.5883333333333,298.852430769231,-8.11347692307693,NA,"9 D5",-0.000649078153846155,-0.000122182643745134,-0.000526895510101021,-0.000131723877525255,-0.131723877525255
"166",20211208,18,"C6",641,"Ambient",24,"Sample",34,"9",8e-05,4,NA,24.5883333333333,285.496729447098,-4.62281806339558,NA,"9 C6",-0.000369825445071646,-0.000122182643745134,-0.000247642801326512,-6.19107003316281e-05,-0.0619107003316281
"167",20211208,24,"D6",641,"High",24,"Sample",34,"9",8e-05,5,NA,24.5883333333333,276.56064372919,-4.09375394860411,NA,"9 D6",-0.000327500315888329,-0.000122182643745134,-0.000205317672143195,-4.1063534428639e-05,-0.041063534428639
"168",20211208,7,"B1",710,"High",28,"Sample",34,"A",8e-05,5,NA,28.45,243.91016862064,-2.24011940946591,NA,"A B1",-0.000179209552757273,-0.000122182643745134,-5.70269090121389e-05,-1.14053818024278e-05,-0.0114053818024278
"169",20211208,13,"C1",710,"Ambient",28,"Sample",34,"A",8e-05,5,NA,28.45,198.058868921776,-4.82095842142354,NA,"A C1",-0.000385676673713883,-0.000122182643745134,-0.000263494029968749,-5.26988059937498e-05,-0.0526988059937498
"170",20211208,19,"D1",710,"High",28,"Sample",34,"A",8e-05,5,NA,28.45,245.746702239789,-3.1383557312253,NA,"A D1",-0.000251068458498024,-0.000122182643745134,-0.00012888581475289,-2.5777162950578e-05,-0.025777162950578
"171",20211208,2,"A2",710,"Ambient",28,"Sample",34,"A",8e-05,5,NA,28.45,223.879675858732,-4.24567972907596,NA,"A A2",-0.000339654378326077,-0.000122182643745134,-0.000217471734580943,-4.34943469161886e-05,-0.0434943469161886
"172",20211208,8,"B2",710,"High",28,"Sample",34,"A",8e-05,5,NA,28.45,231.777277310924,-2.97568627450981,NA,"A B2",-0.000238054901960785,-0.000122182643745134,-0.000115872258215651,-2.31744516431302e-05,-0.0231744516431302
"173",20211208,14,"C2",710,"Ambient",28,"Sample",34,"A",8e-05,5,NA,28.45,250.377681365576,-6.33539118065434,NA,"A C2",-0.000506831294452347,-0.000122182643745134,-0.000384648650707213,-7.69297301414427e-05,-0.0769297301414427
"174",20211208,20,"D2",710,"High",28,"Sample",34,"A",8e-05,5,NA,28.45,227.38731511471,-3.34548178137652,NA,"A D2",-0.000267638542510122,-0.000122182643745134,-0.000145455898764988,-2.90911797529975e-05,-0.0290911797529975
"175",20211208,3,"A3",710,"Ambient",28,"Sample",34,"A",8e-05,5,NA,28.45,205.259107156099,-3.56570411568409,NA,"A A3",-0.000285256329254727,-0.000122182643745134,-0.000163073685509593,-3.26147371019187e-05,-0.0326147371019187
"176",20211208,9,"B3",710,"High",28,"Sample",34,"A",8e-05,5,NA,28.45,238.700655391121,-1.75183932346723,NA,"A B3",-0.000140147145877378,-0.000122182643745134,-1.79645021322445e-05,-3.5929004264489e-06,-0.0035929004264489
"177",20211208,21,"D3",710,"High",28,"Sample",34,"A",8e-05,5,NA,28.45,245.517504456328,-3.5572192513369,NA,"A D3",-0.000284577540106952,-0.000122182643745134,-0.000162394896361818,-3.24789792723636e-05,-0.0324789792723636
"178",20211208,4,"A4",710,"Ambient",28,"Sample",34,"A",8e-05,5,NA,28.45,212.6929763178,-2.63723758594346,NA,"A A4",-0.000210979006875477,-0.000122182643745134,-8.87963631303429e-05,-1.77592726260686e-05,-0.0177592726260686
"179",20211208,10,"B4",710,"High",28,"Sample",34,"A",8e-05,5,NA,28.45,221.740508295626,-4.18365610859728,NA,"A B4",-0.000334692488687782,-0.000122182643745134,-0.000212509844942648,-4.25019689885297e-05,-0.0425019689885297
"180",20211208,16,"C4",710,"Ambient",28,"Sample",34,"A",8e-05,5,NA,28.45,243.672268746579,-1.9343623426382,NA,"A C4",-0.000154748987411056,-0.000122182643745134,-3.25663436659221e-05,-6.51326873318441e-06,-0.00651326873318441
"181",20211208,22,"D4",710,"High",28,"Sample",34,"A",8e-05,5,NA,28.45,217.570830552466,-2.33079421579533,NA,"A D4",-0.000186463537263626,-0.000122182643745134,-6.42808935184925e-05,-1.28561787036985e-05,-0.0128561787036985
"182",20211208,5,"A5",710,"Ambient",28,"Sample",34,"A",8e-05,5,NA,28.45,238.29477948718,-2.07450256410257,NA,"A A5",-0.000165960205128206,-0.000122182643745134,-4.37775613830716e-05,-8.75551227661433e-06,-0.00875551227661433
"183",20211208,17,"C5",710,"Ambient",28,"Sample",34,"A",8e-05,5,NA,28.45,243.625128205128,-1.32842393162395,NA,"A C5",-0.000106273914529916,-0.000122182643745134,1.59087292152179e-05,3.18174584304359e-06,0.00318174584304359
"184",20211208,23,"D5",710,"High",28,"Sample",34,"A",8e-05,5,NA,28.45,232.052965290807,-4.98367354596622,NA,"A D5",-0.000398693883677298,-0.000122182643745134,-0.000276511239932164,-5.53022479864327e-05,-0.0553022479864327
"185",20211208,6,"A6",710,"Ambient",28,"Sample",34,"A",8e-05,5,NA,28.45,213.280783167738,-5.11950672121567,NA,"A A6",-0.000409560537697254,-0.000122182643745134,-0.00028737789395212,-5.74755787904239e-05,-0.0574755787904239
"186",20211208,18,"C6",710,"Ambient",28,"Sample",34,"A",8e-05,5,NA,28.45,209.671818181818,-1.87727272727272,NA,"A C6",-0.000150181818181818,-0.000122182643745134,-2.79991744366837e-05,-5.59983488733673e-06,-0.00559983488733674
"187",20211208,24,"D6",710,"High",28,"Sample",34,"A",8e-05,5,NA,28.45,240.733762508809,-6.92320789288231,NA,"A D6",-0.000553856631430585,-0.000122182643745134,-0.000431673987685451,-8.63347975370902e-05,-0.0863347975370902
"188",20211208,1,"A1",641,"Ambient",38,"Sample",34,"B",8e-05,4,NA,38.5742857142857,211.23293029872,-7.96472261735419,NA,"B A1",-0.000637177809388335,-0.000122182643745134,-0.000514995165643201,-0.0001287487914108,-0.1287487914108
"189",20211208,7,"B1",641,"High",38,"Sample",34,"B",8e-05,5,NA,38.5742857142857,181.460208547009,-5.09069401709402,NA,"B B1",-0.000407255521367522,-0.000122182643745134,-0.000285072877622388,-5.70145755244775e-05,-0.0570145755244775
"190",20211208,13,"C1",641,"Ambient",38,"Sample",34,"B",8e-05,5,NA,38.5742857142857,248.56507798574,-8.26656417112299,NA,"B C1",-0.000661325133689839,-0.000122182643745134,-0.000539142489944705,-0.000107828497988941,-0.107828497988941
"191",20211208,19,"D1",641,"High",38,"Sample",34,"B",8e-05,5,NA,38.5742857142857,179.779239189929,-6.71765736179528,NA,"B D1",-0.000537412588943622,-0.000122182643745134,-0.000415229945198488,-8.30459890396977e-05,-0.0830459890396977
"192",20211208,14,"C2",641,"Ambient",38,"Sample",34,"B",8e-05,5,NA,38.5742857142857,177.085805966698,-3.56045790934321,NA,"B C2",-0.000284836632747457,-0.000122182643745134,-0.000162653989002323,-3.25307978004646e-05,-0.0325307978004646
"193",20211208,20,"D2",641,"High",38,"Sample",34,"B",8e-05,5,NA,38.5742857142857,241.453213438735,-8.16205006587615,NA,"B D2",-0.000652964005270092,-0.000122182643745134,-0.000530781361524958,-0.000106156272304992,-0.106156272304992
"194",20211208,3,"A3",641,"Ambient",38,"Sample",34,"B",8e-05,5,NA,38.5742857142857,173.45783102066,-4.96132716620414,NA,"B A3",-0.000396906173296331,-0.000122182643745134,-0.000274723529551197,-5.49447059102395e-05,-0.0549447059102395
"195",20211208,9,"B3",641,"High",38,"Sample",34,"B",8e-05,5,NA,38.5742857142857,220.337876923077,-7.52818461538462,NA,"B B3",-0.00060225476923077,-0.000122182643745134,-0.000480072125485636,-9.60144250971271e-05,-0.0960144250971271
"196",20211208,15,"C3",641,"Ambient",38,"Sample",34,"B",8e-05,5,NA,38.5742857142857,228.136142169634,-9.41745549283543,NA,"B C3",-0.000753396439426834,-0.000122182643745134,-0.0006312137956817,-0.00012624275913634,-0.12624275913634
"197",20211208,21,"D3",641,"High",38,"Sample",34,"B",8e-05,5,NA,38.5742857142857,227.362863916548,-10.6678710289237,NA,"B D3",-0.000853429682313896,-0.000122182643745134,-0.000731247038568762,-0.000146249407713752,-0.146249407713752
"198",20211208,4,"A4",641,"Ambient",38,"Sample",34,"B",8e-05,5,NA,38.5742857142857,248.088072638146,-9.32715240641712,NA,"B A4",-0.00074617219251337,-0.000122182643745134,-0.000623989548768236,-0.000124797909753647,-0.124797909753647
"199",20211208,10,"B4",641,"High",38,"Sample",34,"B",8e-05,5,NA,38.5742857142857,208.924830769231,-8.24381538461538,NA,"B B4",-0.00065950523076923,-0.000122182643745134,-0.000537322587024096,-0.000107464517404819,-0.107464517404819
"200",20211208,16,"C4",641,"Ambient",38,"Sample",34,"B",8e-05,5,NA,38.5742857142857,278.9205997426,-9.57998455598456,NA,"B C4",-0.000766398764478765,-0.000122182643745134,-0.000644216120733631,-0.000128843224146726,-0.128843224146726
"201",20211208,22,"D4",641,"High",38,"Sample",34,"B",8e-05,5,NA,38.5742857142857,189.408281794586,-9.13731701890989,NA,"B D4",-0.000730985361512791,-0.000122182643745134,-0.000608802717767657,-0.000121760543553531,-0.121760543553531
"202",20211208,11,"B5",641,"High",38,"Sample",34,"B",8e-05,5,NA,38.5742857142857,215.789787170931,-1.70745272525028,NA,"B B5",-0.000136596218020022,-0.000122182643745134,-1.44135742748885e-05,-2.8827148549777e-06,-0.0028827148549777
"203",20211208,17,"C5",641,"Ambient",38,"Sample",34,"B",8e-05,4,NA,38.5742857142857,281.638119868637,-11.1469622331691,NA,"B C5",-0.000891756978653528,-0.000122182643745134,-0.000769574334908394,-0.000192393583727099,-0.192393583727099
"204",20211208,23,"D5",641,"High",38,"Sample",34,"B",8e-05,6,NA,38.5742857142857,219.81724738676,-4.37075958188153,NA,"B D5",-0.000349660766550522,-0.000122182643745134,-0.000227478122805389,-3.79130204675648e-05,-0.0379130204675647
"205",20211208,18,"C6",641,"Ambient",38,"Sample",34,"B",8e-05,5,NA,38.5742857142857,219.014417989418,-9.89203907203908,NA,"B C6",-0.000791363125763126,-0.000122182643745134,-0.000669180482017992,-0.000133836096403599,-0.133836096403599
"206",20211208,24,"D6",641,"High",38,"Sample",34,"B",8e-05,5,NA,38.5742857142857,198.643752228164,-4.46748663101605,NA,"B D6",-0.000357398930481284,-0.000122182643745134,-0.00023521628673615,-4.704325734723e-05,-0.04704325734723
"207",20211208,7,"B1",710,"High",36,"Sample",34,"C",8e-05,2,NA,36.5057142857143,197.556923076924,-0.39458461538464,NA,"C B1",-3.15667692307712e-05,-0.000122182643745134,9.06158745143627e-05,4.53079372571814e-05,0.0453079372571814
"208",20211208,13,"C1",710,"Ambient",36,"Sample",34,"C",8e-05,5,NA,36.5057142857143,209.385578050369,-2.66449196699957,NA,"C C1",-0.000213159357359966,-0.000122182643745134,-9.09767136148317e-05,-1.81953427229663e-05,-0.0181953427229663
"209",20211208,19,"D1",710,"High",36,"Sample",34,"C",8e-05,5,NA,36.5057142857143,234.090403225806,-3.87670967741936,NA,"C D1",-0.000310136774193549,-0.000122182643745134,-0.000187954130448415,-3.7590826089683e-05,-0.037590826089683
"210",20211208,8,"B2",710,"High",36,"Sample",34,"C",8e-05,5,NA,36.5057142857143,174.21056980057,-3.11487179487179,NA,"C B2",-0.000249189743589743,-0.000122182643745134,-0.000127007099844609,-2.54014199689219e-05,-0.0254014199689219
"211",20211208,14,"C2",710,"Ambient",36,"Sample",34,"C",8e-05,5,NA,36.5057142857143,222.200191597916,-8.29187147199306,NA,"C C2",-0.000663349717759445,-0.000122182643745134,-0.000541167074014311,-0.000108233414802862,-0.108233414802862
"212",20211208,20,"D2",710,"High",36,"Sample",34,"C",8e-05,5,NA,36.5057142857143,202.321756097561,-5.75252961672474,NA,"C D2",-0.000460202369337979,-0.000122182643745134,-0.000338019725592845,-6.76039451185691e-05,-0.0676039451185691
"213",20211208,3,"A3",710,"Ambient",36,"Sample",34,"C",8e-05,5,NA,36.5057142857143,147.736878083157,-3.26713460183228,NA,"C A3",-0.000261370768146582,-0.000122182643745134,-0.000139188124401449,-2.78376248802897e-05,-0.0278376248802897
"214",20211208,9,"B3",710,"High",36,"Sample",34,"C",8e-05,5,NA,36.5057142857143,177.183683353683,-0.856654456654462,NA,"C B3",-6.8532356532357e-05,-0.000122182643745134,5.3650287212777e-05,1.07300574425554e-05,0.0107300574425554
"215",20211208,21,"D3",710,"High",36,"Sample",34,"C",8e-05,5,NA,36.5057142857143,222.034679802956,-3.52673891625616,NA,"C D3",-0.000282139113300493,-0.000122182643745134,-0.000159956469555359,-3.19912939110718e-05,-0.0319912939110718
"216",20211208,4,"A4",710,"Ambient",36,"Sample",34,"C",8e-05,5,NA,36.5057142857143,191.624436539306,-5.3011488801054,NA,"C A4",-0.000424091910408432,-0.000122182643745134,-0.000301909266663298,-6.03818533326596e-05,-0.0603818533326596
"217",20211208,10,"B4",710,"High",36,"Sample",34,"C",8e-05,5,NA,36.5057142857143,194.635840576231,-2.28559519807923,NA,"C B4",-0.000182847615846338,-0.000122182643745134,-6.06649721012045e-05,-1.21329944202409e-05,-0.0121329944202409
"218",20211208,16,"C4",710,"Ambient",36,"Sample",34,"C",8e-05,5,NA,36.5057142857143,198.548774300616,-6.14838311996207,NA,"C C4",-0.000491870649596966,-0.000122182643745134,-0.000369688005851832,-7.39376011703663e-05,-0.0739376011703663
"219",20211208,22,"D4",710,"High",36,"Sample",34,"C",8e-05,5,NA,36.5057142857143,173.670683760684,-4.99811965811966,NA,"C D4",-0.000399849572649573,-0.000122182643745134,-0.000277666928904439,-5.55333857808878e-05,-0.0555333857808878
"220",20211208,5,"A5",710,"Ambient",36,"Sample",34,"C",8e-05,5,NA,36.5057142857143,218.348,-4.54892307692308,NA,"C A5",-0.000363913846153846,-0.000122182643745134,-0.000241731202408712,-4.83462404817425e-05,-0.0483462404817425
"221",20211208,17,"C5",710,"Ambient",36,"Sample",34,"C",8e-05,5,NA,36.5057142857143,228.993732604798,-5.29035601468454,NA,"C C5",-0.000423228481174763,-0.000122182643745134,-0.000301045837429629,-6.02091674859259e-05,-0.0602091674859259
"222",20211208,23,"D5",710,"High",36,"Sample",34,"C",8e-05,5,NA,36.5057142857143,130.992194503171,-4.15381536293164,NA,"C D5",-0.000332305229034531,-0.000122182643745134,-0.000210122585289397,-4.20245170578795e-05,-0.0420245170578795
"223",20211208,6,"A6",710,"Ambient",36,"Sample",34,"C",8e-05,5,NA,36.5057142857143,212.163447580645,-2.49217741935484,NA,"C A6",-0.000199374193548387,-0.000122182643745134,-7.71915498032533e-05,-1.54383099606507e-05,-0.0154383099606507
"224",20211208,18,"C6",710,"Ambient",36,"Sample",34,"C",8e-05,5,NA,36.5057142857143,206.478781900452,-6.05700633484163,NA,"C C6",-0.00048456050678733,-0.000122182643745134,-0.000362377863042197,-7.24755726084393e-05,-0.0724755726084393
"225",20211208,24,"D6",710,"High",36,"Sample",34,"C",8e-05,5,NA,36.5057142857143,211.198148148148,-3.39619047619048,NA,"C D6",-0.000271695238095238,-0.000122182643745134,-0.000149512594350104,-2.99025188700209e-05,-0.0299025188700209
